scope,text,layer,texttype,x_um,y_um
TOP,A,70,5,0.3,41.14
TOP,B,70,5,0.3,35.7
TOP,S,70,5,99.7,16.66
TOP,clk,70,5,0.3,73.78
TOP,en,70,5,0.3,30.26
TOP,rst_n,70,5,0.3,57.46
TOP,VGND,71,5,30.14,50.32
TOP,VPWR,71,5,26.44,50.32
TOP,VGND,72,5,49.910000000000004,31.23
TOP,VPWR,72,5,49.910000000000004,27.53
sky130_fd_sc_hd__decap_3,VPWR,68,5,0.23,2.72
sky130_fd_sc_hd__decap_3,VGND,68,5,0.23,0.0
sky130_fd_sc_hd__decap_3,VPB,64,5,0.23,2.72
sky130_fd_sc_hd__decap_3,VNB,64,59,0.23,0.0
sky130_fd_sc_hd__decap_3,decap_3,83,44,0.0,0.0
sky130_fd_sc_hd__tapvpwrvgnd_1,VPWR,68,5,0.23,2.72
sky130_fd_sc_hd__tapvpwrvgnd_1,VGND,68,5,0.23,0.0
sky130_fd_sc_hd__tapvpwrvgnd_1,tapvpwrvgnd_1,83,44,0.0,0.0
sky130_fd_sc_hd__clkbuf_16,X,67,5,8.05,1.53
sky130_fd_sc_hd__clkbuf_16,X,67,5,8.51,1.53
sky130_fd_sc_hd__clkbuf_16,X,67,5,8.51,1.19
sky130_fd_sc_hd__clkbuf_16,X,67,5,8.05,1.19
sky130_fd_sc_hd__clkbuf_16,X,67,5,8.05,0.85
sky130_fd_sc_hd__clkbuf_16,X,67,5,8.51,0.85
sky130_fd_sc_hd__clkbuf_16,A,67,5,0.23,0.85
sky130_fd_sc_hd__clkbuf_16,A,67,5,0.23,1.19
sky130_fd_sc_hd__clkbuf_16,VGND,68,5,0.23,0.0
sky130_fd_sc_hd__clkbuf_16,VPWR,68,5,0.23,2.72
sky130_fd_sc_hd__clkbuf_16,VPB,64,5,0.23,2.72
sky130_fd_sc_hd__clkbuf_16,VPB,64,5,0.23,2.72
sky130_fd_sc_hd__clkbuf_16,VNB,64,59,0.23,0.0
sky130_fd_sc_hd__clkbuf_16,VNB,64,59,0.23,0.0
sky130_fd_sc_hd__clkbuf_16,clkbuf_16,83,44,0.0,0.0
sky130_fd_sc_hd__and4bb_2,A_N,67,5,0.23500000000000001,1.53
sky130_fd_sc_hd__and4bb_2,C,67,5,2.995,0.51
sky130_fd_sc_hd__and4bb_2,B_N,67,5,3.9050000000000002,0.85
sky130_fd_sc_hd__and4bb_2,C,67,5,2.995,0.85
sky130_fd_sc_hd__and4bb_2,X,67,5,1.155,1.19
sky130_fd_sc_hd__and4bb_2,X,67,5,1.155,1.53
sky130_fd_sc_hd__and4bb_2,C,67,5,2.995,1.19
sky130_fd_sc_hd__and4bb_2,A_N,67,5,0.23500000000000001,1.19
sky130_fd_sc_hd__and4bb_2,X,67,5,1.155,0.85
sky130_fd_sc_hd__and4bb_2,D,67,5,3.455,0.51
sky130_fd_sc_hd__and4bb_2,VGND,68,5,0.23,0.0
sky130_fd_sc_hd__and4bb_2,VPWR,68,5,0.23,2.72
sky130_fd_sc_hd__and4bb_2,VPB,64,5,0.23,2.72
sky130_fd_sc_hd__and4bb_2,VNB,64,59,0.23,0.0
sky130_fd_sc_hd__and4bb_2,and4bb_2,83,44,0.0,0.0
sky130_fd_sc_hd__and3_2,B,67,5,1.1500000000000001,2.21
sky130_fd_sc_hd__and3_2,X,67,5,2.07,0.51
sky130_fd_sc_hd__and3_2,X,67,5,2.07,2.21
sky130_fd_sc_hd__and3_2,A,67,5,0.23,0.85
sky130_fd_sc_hd__and3_2,C,67,5,1.1500000000000001,0.85
sky130_fd_sc_hd__and3_2,X,67,5,2.5300000000000002,1.19
sky130_fd_sc_hd__and3_2,VPWR,68,5,0.23,2.72
sky130_fd_sc_hd__and3_2,VGND,68,5,0.23,0.0
sky130_fd_sc_hd__and3_2,VPWR,68,5,0.23,2.72
sky130_fd_sc_hd__and3_2,VGND,68,5,0.23,0.0
sky130_fd_sc_hd__and3_2,VPB,64,5,0.23,2.72
sky130_fd_sc_hd__and3_2,VNB,64,59,0.23,0.0
sky130_fd_sc_hd__and3_2,and3_2,83,44,0.0,0.0
sky130_fd_sc_hd__mux2_1,S,67,5,3.455,1.53
sky130_fd_sc_hd__mux2_1,S,67,5,2.995,1.53
sky130_fd_sc_hd__mux2_1,A1,67,5,2.535,0.85
sky130_fd_sc_hd__mux2_1,A1,67,5,2.535,1.19
sky130_fd_sc_hd__mux2_1,A0,67,5,2.075,1.19
sky130_fd_sc_hd__mux2_1,X,67,5,0.23500000000000001,0.51
sky130_fd_sc_hd__mux2_1,X,67,5,0.23500000000000001,1.87
sky130_fd_sc_hd__mux2_1,X,67,5,0.23500000000000001,2.21
sky130_fd_sc_hd__mux2_1,VGND,68,5,0.23500000000000001,0.0
sky130_fd_sc_hd__mux2_1,VPWR,68,5,0.23500000000000001,2.72
sky130_fd_sc_hd__mux2_1,VPB,64,5,0.455,2.72
sky130_fd_sc_hd__mux2_1,VNB,64,59,0.505,0.0
sky130_fd_sc_hd__mux2_1,mux2_1,83,44,0.0,0.0
sky130_fd_sc_hd__dfrtp_2,Q,67,5,8.965,2.21
sky130_fd_sc_hd__dfrtp_2,Q,67,5,8.965,1.87
sky130_fd_sc_hd__dfrtp_2,Q,67,5,8.965,1.53
sky130_fd_sc_hd__dfrtp_2,Q,67,5,8.965,0.51
sky130_fd_sc_hd__dfrtp_2,RESET_B,67,5,7.49,0.85
sky130_fd_sc_hd__dfrtp_2,D,67,5,1.61,1.53
sky130_fd_sc_hd__dfrtp_2,CLK,67,5,0.23500000000000001,1.53
sky130_fd_sc_hd__dfrtp_2,CLK,67,5,0.23500000000000001,1.19
sky130_fd_sc_hd__dfrtp_2,RESET_B,67,5,7.49,1.19
sky130_fd_sc_hd__dfrtp_2,VGND,68,5,0.23,0.0
sky130_fd_sc_hd__dfrtp_2,VPWR,68,5,0.23,2.72
sky130_fd_sc_hd__dfrtp_2,VPB,64,5,0.23,2.72
sky130_fd_sc_hd__dfrtp_2,VNB,64,59,0.23,0.0
sky130_fd_sc_hd__dfrtp_2,dfrtp_2,83,44,0.0,0.0
sky130_fd_sc_hd__a31o_2,X,67,5,0.23500000000000001,0.85
sky130_fd_sc_hd__a31o_2,B1,67,5,2.99,1.19
sky130_fd_sc_hd__a31o_2,X,67,5,0.23500000000000001,1.19
sky130_fd_sc_hd__a31o_2,X,67,5,0.23500000000000001,1.53
sky130_fd_sc_hd__a31o_2,X,67,5,0.23500000000000001,1.87
sky130_fd_sc_hd__a31o_2,A3,67,5,1.155,0.85
sky130_fd_sc_hd__a31o_2,A1,67,5,2.075,0.51
sky130_fd_sc_hd__a31o_2,B1,67,5,2.995,0.85
sky130_fd_sc_hd__a31o_2,A3,67,5,1.155,1.19
sky130_fd_sc_hd__a31o_2,A2,67,5,1.615,0.51
sky130_fd_sc_hd__a31o_2,VGND,68,5,0.23,0.0
sky130_fd_sc_hd__a31o_2,VPWR,68,5,0.23,2.72
sky130_fd_sc_hd__a31o_2,VPB,64,5,0.23,2.72
sky130_fd_sc_hd__a31o_2,VNB,64,59,0.23,0.0
sky130_fd_sc_hd__a31o_2,a31o_2,83,44,0.0,0.0
sky130_fd_sc_hd__nor2_2,B,67,5,1.155,1.19
sky130_fd_sc_hd__nor2_2,Y,67,5,1.615,1.87
sky130_fd_sc_hd__nor2_2,A,67,5,0.23500000000000001,1.19
sky130_fd_sc_hd__nor2_2,VGND,68,5,0.23500000000000001,0.0
sky130_fd_sc_hd__nor2_2,VPWR,68,5,0.23500000000000001,2.72
sky130_fd_sc_hd__nor2_2,VPB,64,5,0.23500000000000001,2.72
sky130_fd_sc_hd__nor2_2,VNB,64,59,0.23500000000000001,0.0
sky130_fd_sc_hd__nor2_2,nor2_2,83,44,0.0,0.0
sky130_fd_sc_hd__a21boi_2,B1_N,67,5,0.23,0.85
sky130_fd_sc_hd__a21boi_2,A2,67,5,3.475,1.53
sky130_fd_sc_hd__a21boi_2,A1,67,5,3.015,1.19
sky130_fd_sc_hd__a21boi_2,Y,67,5,1.635,0.51
sky130_fd_sc_hd__a21boi_2,VPWR,68,5,0.23500000000000001,2.72
sky130_fd_sc_hd__a21boi_2,VGND,68,5,0.23,0.0
sky130_fd_sc_hd__a21boi_2,VPB,64,5,0.23500000000000001,2.72
sky130_fd_sc_hd__a21boi_2,VNB,64,59,0.23500000000000001,0.0
sky130_fd_sc_hd__a21boi_2,a21boi_2,83,44,0.0,0.0
sky130_fd_sc_hd__o21bai_2,B1_N,67,5,0.23,1.19
sky130_fd_sc_hd__o21bai_2,Y,67,5,1.61,1.53
sky130_fd_sc_hd__o21bai_2,A2,67,5,2.5300000000000002,1.19
sky130_fd_sc_hd__o21bai_2,A1,67,5,3.45,1.19
sky130_fd_sc_hd__o21bai_2,VGND,68,5,0.23,0.0
sky130_fd_sc_hd__o21bai_2,VPWR,68,5,0.23,2.72
sky130_fd_sc_hd__o21bai_2,VPB,64,5,0.23,2.72
sky130_fd_sc_hd__o21bai_2,VNB,64,59,0.23,0.0
sky130_fd_sc_hd__o21bai_2,o21bai_2,83,44,0.0,0.0
sky130_fd_sc_hd__and2_2,A,67,5,0.6900000000000001,1.19
sky130_fd_sc_hd__and2_2,X,67,5,2.07,0.85
sky130_fd_sc_hd__and2_2,A,67,5,0.23,1.19
sky130_fd_sc_hd__and2_2,X,67,5,2.07,0.51
sky130_fd_sc_hd__and2_2,X,67,5,2.07,1.19
sky130_fd_sc_hd__and2_2,X,67,5,2.07,1.53
sky130_fd_sc_hd__and2_2,X,67,5,2.07,1.87
sky130_fd_sc_hd__and2_2,X,67,5,2.07,2.21
sky130_fd_sc_hd__and2_2,B,67,5,1.1500000000000001,1.19
sky130_fd_sc_hd__and2_2,VPWR,68,5,0.23,2.72
sky130_fd_sc_hd__and2_2,VGND,68,5,0.23,0.0
sky130_fd_sc_hd__and2_2,VPB,64,5,0.23,2.72
sky130_fd_sc_hd__and2_2,VNB,64,59,0.23,0.0
sky130_fd_sc_hd__and2_2,and2_2,83,44,0.0,0.0
sky130_fd_sc_hd__xor2_2,X,67,5,5.75,1.53
sky130_fd_sc_hd__xor2_2,B,67,5,3.91,1.19
sky130_fd_sc_hd__xor2_2,A,67,5,1.1500000000000001,1.53
sky130_fd_sc_hd__xor2_2,VPWR,68,5,0.23,2.72
sky130_fd_sc_hd__xor2_2,VGND,68,5,0.23,0.0
sky130_fd_sc_hd__xor2_2,VPB,64,5,0.23,2.72
sky130_fd_sc_hd__xor2_2,VNB,64,59,0.23,0.0
sky130_fd_sc_hd__xor2_2,xor2_2,83,44,0.0,0.0
sky130_fd_sc_hd__or2_2,B,67,5,0.23500000000000001,1.19
sky130_fd_sc_hd__or2_2,X,67,5,2.075,1.87
sky130_fd_sc_hd__or2_2,A,67,5,1.155,1.19
sky130_fd_sc_hd__or2_2,VPWR,68,5,0.23500000000000001,2.72
sky130_fd_sc_hd__or2_2,VGND,68,5,0.23500000000000001,0.0
sky130_fd_sc_hd__or2_2,VPB,64,5,0.23500000000000001,2.72
sky130_fd_sc_hd__or2_2,VNB,64,59,0.23500000000000001,0.0
sky130_fd_sc_hd__or2_2,or2_2,83,44,0.0,0.0
sky130_fd_sc_hd__a21bo_2,B1_N,67,5,1.155,1.19
sky130_fd_sc_hd__a21bo_2,A2,67,5,3.47,1.19
sky130_fd_sc_hd__a21bo_2,X,67,5,0.23500000000000001,1.87
sky130_fd_sc_hd__a21bo_2,A1,67,5,3.015,1.53
sky130_fd_sc_hd__a21bo_2,VGND,68,5,0.23500000000000001,0.0
sky130_fd_sc_hd__a21bo_2,VPWR,68,5,0.23500000000000001,2.72
sky130_fd_sc_hd__a21bo_2,VPB,64,5,0.23500000000000001,2.72
sky130_fd_sc_hd__a21bo_2,VNB,64,59,0.23500000000000001,0.0
sky130_fd_sc_hd__a21bo_2,a21bo_2,83,44,0.0,0.0
sky130_fd_sc_hd__a21o_2,X,67,5,0.6950000000000001,2.21
sky130_fd_sc_hd__a21o_2,B1,67,5,1.615,1.19
sky130_fd_sc_hd__a21o_2,A1,67,5,2.535,0.85
sky130_fd_sc_hd__a21o_2,A2,67,5,2.99,1.19
sky130_fd_sc_hd__a21o_2,A1,67,5,2.535,0.51
sky130_fd_sc_hd__a21o_2,VGND,68,5,0.23500000000000001,0.0
sky130_fd_sc_hd__a21o_2,VPWR,68,5,0.23500000000000001,2.72
sky130_fd_sc_hd__a21o_2,VPB,64,5,0.23500000000000001,2.72
sky130_fd_sc_hd__a21o_2,VNB,64,59,0.23500000000000001,0.0
sky130_fd_sc_hd__a21o_2,a21o_2,83,44,0.0,0.0
sky130_fd_sc_hd__nand2_2,Y,67,5,2.075,0.85
sky130_fd_sc_hd__nand2_2,Y,67,5,2.075,1.19
sky130_fd_sc_hd__nand2_2,Y,67,5,2.075,1.53
sky130_fd_sc_hd__nand2_2,A,67,5,1.615,1.19
sky130_fd_sc_hd__nand2_2,B,67,5,0.6950000000000001,1.19
sky130_fd_sc_hd__nand2_2,VGND,68,5,0.23,0.0
sky130_fd_sc_hd__nand2_2,VPWR,68,5,0.23,2.72
sky130_fd_sc_hd__nand2_2,VPB,64,5,0.23,2.72
sky130_fd_sc_hd__nand2_2,VNB,64,59,0.23,0.0
sky130_fd_sc_hd__nand2_2,nand2_2,83,44,0.0,0.0
sky130_fd_sc_hd__xnor2_2,Y,67,5,5.79,1.53
sky130_fd_sc_hd__xnor2_2,A,67,5,2.07,1.19
sky130_fd_sc_hd__xnor2_2,B,67,5,1.1500000000000001,1.53
sky130_fd_sc_hd__xnor2_2,VGND,68,5,0.23,0.0
sky130_fd_sc_hd__xnor2_2,VPWR,68,5,0.23,2.72
sky130_fd_sc_hd__xnor2_2,VPB,64,5,0.23,2.72
sky130_fd_sc_hd__xnor2_2,VNB,64,59,0.23,0.0
sky130_fd_sc_hd__xnor2_2,xnor2_2,83,44,0.0,0.0
